id,label,original_label,llm_confidence,note,title,url
laikd0,Hype,Analysis,med,"Squeeze rally/reassurance cry; reasoning serves holding the line, not a standalone thesis",I feel like clarification is needed about Today,https://www.reddit.com/r/wallstreetbets/comments/laikd0/i_feel_like_clarification_is_needed_about_today/
laccqy,Discussion,Analysis,med,Meta rant linking to other DDs; no worked thesis of its own,"WHY YOU DEFINITELY SHOULD NOT UNDER ANY CIRCUMSTANCE FALL FOR ALL THE SILVER SCAMS!!! CAREFUL, YOU ARE BEING PLAYED BY THE MOST POWERFUL ELI",https://www.reddit.com/r/wallstreetbets/comments/laccqy/why_you_definitely_should_not_under_any/
m5r9xl,Hype,Analysis,med,"Title-only, no body; asserts bullish stance on AMC with no evidence shown",Why I am Bullish on $AMC until at least May,https://www.reddit.com/r/wallstreetbets/comments/m5r9xl/why_i_am_bullish_on_amc_until_at_least_may/
1qz92yi,Hype,Analysis,med,Admits 'no data'; unsupported manipulation assertion justifying own PLTR puts,Don't trust the Monday rally,https://www.reddit.com/r/wallstreetbets/comments/1qz92yi/dont_trust_the_monday_rally/
1tpgngu,Hype,Analysis,med,Claims AI stocks will 300% but shows no list/data; bare assertion,Companies that will benefit/ are benefiting from ai and data centers,https://www.reddit.com/r/wallstreetbets/comments/1tpgngu/companies_that_will_benefit_are_benefiting_from/
1ujzwl2,Hype,Analysis,med,'Free money' NVDA buy on 1k account; vague historical-cheapness assertion,"The Nightcrawler Challenge Pt.1: When the market offers you free money, you take it (NVDA)",https://www.reddit.com/r/wallstreetbets/comments/1ujzwl2/the_nightcrawler_challenge_pt1_when_the_market/
1ugica5,Hype,Analysis,med,"Full port bet; single causal assertion, little standalone reasoning",Full port $AAOI,https://www.reddit.com/r/wallstreetbets/comments/1ugica5/full_port_aaoi/
l6rmkl,Hype,Analysis,med,Holding-update/morale post centered on own position,We need to talk about NOK,https://www.reddit.com/r/wallstreetbets/comments/l6rmkl/we_need_to_talk_about_nok/
jx2zez,Hype,Analysis,med,"Centered on poster's own bet/bravado, position screenshots","The Gayest Gay Bear Post in the History of WSB. We are HEADED DOWN, Folks!!!",https://www.reddit.com/r/wallstreetbets/comments/jx2zez/the_gayest_gay_bear_post_in_the_history_of_wsb_we/
lwfasi,Hype,Analysis,med,'I just like the stock' FOMO rally cry centered on own holding,Why $UWMC is most definitely the play,https://www.reddit.com/r/wallstreetbets/comments/lwfasi/why_uwmc_is_most_definitely_the_play/
1u0xnh0,Hype,Analysis,high,"Title-only, asserts stance/outcome with no evidence",Micron is going to the moon (with or without you),https://www.reddit.com/r/wallstreetbets/comments/1u0xnh0/micron_is_going_to_the_moon_with_or_without_you/
m81b2a,Hype,Analysis,med,"Title-only image post asserting GME stance, no evidence",GME supply running low...,https://www.reddit.com/r/wallstreetbets/comments/m81b2a/gme_supply_running_low/
nc6qi3,Hype,Analysis,med,"Rally cry/bravado; TA framing is joke, centered on bet","Let's revive the buried WSB culture! GME to THOUSANDS in a couple of months, or I'M SHAVING OFF MY PRECIOUS BEARD! The TA Gods have spoken t",https://www.reddit.com/r/wallstreetbets/comments/nc6qi3/lets_revive_the_buried_wsb_culture_gme_to/
qg1ddx,Hype,Analysis,low,Title-only bare stance assertion no evidence,Get ready for the crash,https://www.reddit.com/r/wallstreetbets/comments/qg1ddx/get_ready_for_the_crash/
pbxa9w,Analysis,Analysis,low,Title-only but states specific data fact as market observation,The world is buying the dip. Even the slightest of dips. The S&P 500 has gone without a 5% pullback for 10 months.,https://www.reddit.com/r/wallstreetbets/comments/pbxa9w/the_world_is_buying_the_dip_even_the_slightest_of/
pkxc98,Analysis,Analysis,low,Title-only TA citing specific divergences,"See you later, alligator? SP and VIX are forming a similar pre-Covid setup, with the mother of all divergences. Whose ass is gonna be bitten",https://www.reddit.com/r/wallstreetbets/comments/pkxc98/see_you_later_alligator_sp_and_vix_are_forming_a/
m6e4s0,Hype,Analysis,med,"Title-only stance assertion, no evidence; flair=TA but no body",The Downward Trend Has Broken on GME,https://www.reddit.com/r/wallstreetbets/comments/m6e4s0/the_downward_trend_has_broken_on_gme/
m26sve,Hype,Analysis,high,"Pure price-target rally cry, no reasoning",GME TO $700 BY FRIDAY!! HOLD 💎🙌🏻,https://www.reddit.com/r/wallstreetbets/comments/m26sve/gme_to_700_by_friday_hold/
qq2vvb,Hype,Analysis,med,"Title-only stance, no evidence in text",Buy signal confirmed!,https://www.reddit.com/r/wallstreetbets/comments/qq2vvb/buy_signal_confirmed/
m2bjre,Hype,Analysis,med,Unsupported coordinated-attack claim; hold/morale cry,"GME and AMC charts today during that mass drop. Identical? One could say tactical. Human emotion plays a lot into market buys and sells, and",https://www.reddit.com/r/wallstreetbets/comments/m2bjre/gme_and_amc_charts_today_during_that_mass_drop/
m5ruj8,Hype,Analysis,high,"Title-only 'all according to plan', pure flex/morale",all according to plan 🚀,https://www.reddit.com/r/wallstreetbets/comments/m5ruj8/all_according_to_plan/
m2ltnf,Hype,Analysis,med,"Title-only assertion of repeat-pattern, no body","GME - Chart, THE EXACT SAME THING HAPPENED DAYS BEFORE THE FIRST SQUEEZE",https://www.reddit.com/r/wallstreetbets/comments/m2ltnf/gme_chart_the_exact_same_thing_happened_days/
pptmzd,Hype,Analysis,low,"Title-only claim, no body/evidence to verify",Inflation disproven DD inside,https://www.reddit.com/r/wallstreetbets/comments/pptmzd/inflation_disproven_dd_inside/
1rg9h9y,Analysis,Hype,med,Data pipeline tracking 3519 newsletter calls vs benchmarks; methodology stands alone,"I spent $9,600/year on Substack newsletters so you don't have to. Here's who actually makes money.",https://www.reddit.com/r/wallstreetbets/comments/1rg9h9y/i_spent_9600year_on_substack_newsletters_so_you/
1m9ajhj,Analysis,Hype,med,Rare-earth thesis UUUU vs USAR/Rameco/Lynas; argument stands beyond bet,I made a $1.5 million dollar bet on Energy Fuels (UUUU),https://www.reddit.com/r/wallstreetbets/comments/1m9ajhj/i_made_a_15_million_dollar_bet_on_energy_fuels/
1r2avdo,Discussion,Hype,low,Asks community about another poster's decision; opens topic,What happened to OP?,https://www.reddit.com/r/wallstreetbets/comments/1r2avdo/what_happened_to_op/
1ujq7qf,Hype,Hype,low,"Title-only YOLO flex ('going full yolo'), emoji body, no substance","Going full yolo with the red haired chick, shes kinda cute 🫡",https://www.reddit.com/r/wallstreetbets/comments/1ujq7qf/going_full_yolo_with_the_red_haired_chick_shes/
1ujbst8,Analysis,Hype,med,"Mattel IP-pivot thesis, short interest, exec quote; stands alone",YOLO - Market Doesn't Understand Mattel (MAT),https://www.reddit.com/r/wallstreetbets/comments/1ujbst8/yolo_market_doesnt_understand_mattel_mat/
1uj39ph,Analysis,Hype,med,"BB/QNX thesis with installed-base, revenue, margin reasoning","$345,000 Yolo $BB",https://www.reddit.com/r/wallstreetbets/comments/1uj39ph/345000_yolo_bb/
1uidaa9,Analysis,Hype,med,"AGI write-up: production cut, cash/margins, gold-rebound reasoning","20k on Margin, Hail Satan",https://www.reddit.com/r/wallstreetbets/comments/1uidaa9/20k_on_margin_hail_satan/
1tfhc1d,Discussion,Hype,med,Asks crowd how to think about SpaceX IPO entry; open question,"Those who will invest on SpaceX IPO, will you buy Day 1? or wait? Why?",https://www.reddit.com/r/wallstreetbets/comments/1tfhc1d/those_who_will_invest_on_spacex_ipo_will_you_buy/
m4uab0,Hype,Hype,low,,DEEP FALCON VALUE,https://www.reddit.com/r/wallstreetbets/comments/m4uab0/deep_falcon_value/
la1o04,Analysis,Discussion,med,No-silver-squeeze argument with Hunt brothers precedent; stands alone,There is no silver short squeeze happening. NONE. NEVER.,https://www.reddit.com/r/wallstreetbets/comments/la1o04/there_is_no_silver_short_squeeze_happening_none/
ls8dka,Analysis,Discussion,med,"ETF short data, share counts, sourced links explaining dip",They are selling millions of shares from ETFs that’s why it’s dipping,https://www.reddit.com/r/wallstreetbets/comments/ls8dka/they_are_selling_millions_of_shares_from_etfs/
lb8lwf,Hype,Discussion,med,"Emotional rally/rant centered on grievance, little evidence",Why the fuck are we acting like we lost? We made GME go from 4 to 400 and it took combined trading platforms to silence and cheat to bring i,https://www.reddit.com/r/wallstreetbets/comments/lb8lwf/why_the_fuck_are_we_acting_like_we_lost_we_made/
l78fuh,Hype,Discussion,med,Personal narrative of own buy as protest; bet+emotion,"I just bought $5,000 in $GME. I would not have done this if the brokerages didn't try to manipulate the market.",https://www.reddit.com/r/wallstreetbets/comments/l78fuh/i_just_bought_5000_in_gme_i_would_not_have_done/
l7bpf5,Analysis,Discussion,med,Worked play-by-play DD on gamma squeeze mechanics,30 Seconds From Triggering Market Nuclear Bomb,https://www.reddit.com/r/wallstreetbets/comments/l7bpf5/30_seconds_from_triggering_market_nuclear_bomb/
l87hhd,Hype,Discussion,med,"Morale/rally cry centered on holding, emotion-driven","GME gang, remember to give back. Tomorrow I'm paying it forward at our local hospital and buying coffee and donuts for our front lines. Thos",https://www.reddit.com/r/wallstreetbets/comments/l87hhd/gme_gang_remember_to_give_back_tomorrow_im_paying/
l97ykd,Analysis,Discussion,med,Counterfeit-shares hypothesis with reasoning + cited white paper,The real reason Wall Street is terrified of the GME situation,https://www.reddit.com/r/wallstreetbets/comments/l97ykd/the_real_reason_wall_street_is_terrified_of_the/
lb6p29,Hype,Discussion,med,"Emotional morale/support rally to holders, buy-the-dip",To all 💎🙌 who are too low karma to post,https://www.reddit.com/r/wallstreetbets/comments/lb6p29/to_all_who_are_too_low_karma_to_post/
lathys,Hype,Discussion,high,Morale/rally cry to GME holders; no standalone evidence,To all GME holders: Shut up and listen,https://www.reddit.com/r/wallstreetbets/comments/lathys/to_all_gme_holders_shut_up_and_listen/
1olr5tj,Hype,Discussion,med,"Title-only image flex/stance, no evidence",Does This Look Like A Man Worried About The Bubble,https://www.reddit.com/r/wallstreetbets/comments/1olr5tj/does_this_look_like_a_man_worried_about_the_bubble/
1udygxi,Hype,Discussion,med,Joke rally cry to 'save Wendy's',We need to save Wendy’s,https://www.reddit.com/r/wallstreetbets/comments/1udygxi/we_need_to_save_wendys/
1oz9tpl,Hype,Discussion,med,"Title-only sarcastic stance, no evidence","It’s different this time, right.",https://www.reddit.com/r/wallstreetbets/comments/1oz9tpl/its_different_this_time_right/
1ly582b,Hype,Discussion,high,Centered on own account growth/strategy; personal flex,$1.4m --> $5.4m in 18 Months - 85% in Cash Now,https://www.reddit.com/r/wallstreetbets/comments/1ly582b/14m_54m_in_18_months_85_in_cash_now/
1s11uoc,Hype,Discussion,med,"Title-only 'who's still holding', crowd flex",Who’s still holding lol,https://www.reddit.com/r/wallstreetbets/comments/1s11uoc/whos_still_holding_lol/
1o3d2s7,Hype,Discussion,med,Title-only reassurance rally cry,Guys it’s gonna be ok,https://www.reddit.com/r/wallstreetbets/comments/1o3d2s7/guys_its_gonna_be_ok/
1tpufb7,Hype,Discussion,low,"Vague title-only, no body; default Hype",they weren’t kidding,https://www.reddit.com/r/wallstreetbets/comments/1tpufb7/they_werent_kidding/
1stuql1,Hype,Discussion,med,Morale/legend flex about another's Intel gain,Intel Grandma Guy - I'm sorry for laughing earlier,https://www.reddit.com/r/wallstreetbets/comments/1stuql1/intel_grandma_guy_im_sorry_for_laughing_earlier/
1qwbj18,Analysis,Discussion,med,SpaceX IPO overvalued via PE/EBITDA reasoning; stands alone,The SpaceX IPO is going to tank the market,https://www.reddit.com/r/wallstreetbets/comments/1qwbj18/the_spacex_ipo_is_going_to_tank_the_market/
1tqumnv,Hype,Discussion,med,Anecdotal Big Short joke; mock-DD shitpost stance,woman buying stocks - we’re at the top,https://www.reddit.com/r/wallstreetbets/comments/1tqumnv/woman_buying_stocks_were_at_the_top/
1u6z65o,Analysis,Discussion,med,"Factual SPCX price/mktcap comparisons; informational, stands alone","SpaceX, $SPCX, is now trading above $220/share in overnight trading",https://www.reddit.com/r/wallstreetbets/comments/1u6z65o/spacex_spcx_is_now_trading_above_220share_in/
1ucpnbj,Analysis,Discussion,high,Private credit/maturity wall argument with figures,"The next Financial Crisis is here, and it's not just AI.",https://www.reddit.com/r/wallstreetbets/comments/1ucpnbj/the_next_financial_crisis_is_here_and_its_not/
1p28edd,Hype,Discussion,med,Reaction to NVDA bulls hammered; single unsupported assertion,What a crazy trap set for all $NVDA bulls,https://www.reddit.com/r/wallstreetbets/comments/1p28edd/what_a_crazy_trap_set_for_all_nvda_bulls/
1lx93c4,Analysis,Discussion,low,Anecdotal layoffs build a macro argument; weak but reasoned,The Great Lay-Off'ening is already well underway. What will happen to the economy?,https://www.reddit.com/r/wallstreetbets/comments/1lx93c4/the_great_layoffening_is_already_well_underway/
1tagon1,Hype,Discussion,med,Centered on own bet/charity promise; DCF tacked on but self-focused,$5k Donated to St. Judes Children - Promise Made - Promise Kept,https://www.reddit.com/r/wallstreetbets/comments/1tagon1/5k_donated_to_st_judes_children_promise_made/
1ugqbmv,Hype,Discussion,high,Question about own liquidated loss; emotional/personal,I accidentally sold a put option and now I owe 70k USD.,https://www.reddit.com/r/wallstreetbets/comments/1ugqbmv/i_accidentally_sold_a_put_option_and_now_i_owe/
1sttyqz,Hype,Discussion,med,"Nostalgic Intel musing, no evidence",Sometimes I Think About That Man Who Invested All Inheritance Into INTEL,https://www.reddit.com/r/wallstreetbets/comments/1sttyqz/sometimes_i_think_about_that_man_who_invested_all/
1ujski5,Hype,Discussion,med,"Rant against BAC analyst, unsupported; emotional",BAC’s analyst sucks for asking us to buy puts,https://www.reddit.com/r/wallstreetbets/comments/1ujski5/bacs_analyst_sucks_for_asking_us_to_buy_puts/
1ujr1ta,Analysis,Discussion,med,SpaceX index-inclusion frontrunning thesis; stands beyond position,Frontrunning SpaceX Nasdaq Inclusion On July 7th,https://www.reddit.com/r/wallstreetbets/comments/1ujr1ta/frontrunning_spacex_nasdaq_inclusion_on_july_7th/
1ujqz96,Hype,Discussion,high,Question about own ASML/AMAT positions; personal,Should I sell or let it ride?,https://www.reddit.com/r/wallstreetbets/comments/1ujqz96/should_i_sell_or_let_it_ride/
1ujlymc,Analysis,Discussion,med,Japan FX->sell treasuries->UVXY causal chain; sourced,Yen Tsunami Coming,https://www.reddit.com/r/wallstreetbets/comments/1ujlymc/yen_tsunami_coming/
1u5e1m6,Analysis,Discussion,med,No-recession argument via jobs/inflation data + source; reasoning stands alone,"Europe Is Too Scared to Grow, So Their Money Keeps Buying My SPY Calls",https://www.reddit.com/r/wallstreetbets/comments/1u5e1m6/europe_is_too_scared_to_grow_so_their_money_keeps/
1ucngu7,Analysis,Discussion,med,"SpaceX-Reflection deal breakdown: cancelable terms, circular funding; stands alone",SpaceX signs computing power deal with open-source AI startup Reflection worth up to $6.3 billion,https://www.reddit.com/r/wallstreetbets/comments/1ucngu7/spacex_signs_computing_power_deal_with_opensource/
1ua6fqn,Analysis,Discussion,med,Data-backed retrospective on WSB picks vs SPY with figures,How did WSB's stock picks of 2026 perform in Q2 - Mid year check in,https://www.reddit.com/r/wallstreetbets/comments/1ua6fqn/how_did_wsbs_stock_picks_of_2026_perform_in_q2/
1tyyxbo,Analysis,Discussion,med,"RDDT thesis: mkt cap, API revenue, expiring deals, data moat; stands alone",Reddit is being overlooked,https://www.reddit.com/r/wallstreetbets/comments/1tyyxbo/reddit_is_being_overlooked/
1u9qvku,Analysis,Discussion,high,"Bear case on MSFT/META AI capex: margins, ROI, depreciation; stands alone",Satya and Zuckerberg are incinerating capital,https://www.reddit.com/r/wallstreetbets/comments/1u9qvku/satya_and_zuckerberg_are_incinerating_capital/
1u748av,Hype,Discussion,med,"Centered on own short bet; conspiracy speculation, not evidence",Shorting SpaceX Tomorrow: Blue Origin Blew Up Its Own Rocket To Pump SpaceX,https://www.reddit.com/r/wallstreetbets/comments/1u748av/shorting_spacex_tomorrow_blue_origin_blew_up_its/
1u5mzou,Hype,Discussion,med,"Own/crowd 0dte bets, 'calls or puts?', no reasoning",Monday Bloodbath,https://www.reddit.com/r/wallstreetbets/comments/1u5mzou/monday_bloodbath/
1ucybkr,Hype,Discussion,high,"All about own MSFT position, pain, averaging down",Guys am i fukd,https://www.reddit.com/r/wallstreetbets/comments/1ucybkr/guys_am_i_fukd/
